[{"family":"MaterialIcons","fonts":[{"asset":"fonts/MaterialIcons-Regular.otf"}]},{"family":"Montserrat","fonts":[{"weight":200,"asset":"assets/fonts/montserrat/Montserrat-Light.ttf"},{"asset":"assets/fonts/montserrat/Montserrat-Regular.ttf"},{"weight":600,"asset":"assets/fonts/montserrat/Montserrat-SemiBold.ttf"}]},{"family":"packages/cupertino_icons/CupertinoIcons","fonts":[{"asset":"packages/cupertino_icons/assets/CupertinoIcons.ttf"}]},{"family":"packages/open_iconic_flutter/OpenIconic","fonts":[{"asset":"packages/open_iconic_flutter/assets/open-iconic.woff"}]}]